metro_status,political_party,contacts_adj_mean,contacts_adj_se,mask_adj_mean,mask_adj_se,vax_adj_mean,vax_adj_se
Metropolitan,Democrat,4.999788982199654,0.14385508900325203,67.3430263926371,0.804567713769773,88.32482499909572,1.6691826837692496
Metropolitan,Independent,5.248289609656986,0.12987835425577898,57.388593866237166,0.7307728026688796,75.07919985728934,1.473520500032087
Metropolitan,Republican,6.285441423795185,0.15238687466897913,58.04159061276672,0.8154885611174302,71.93193885765096,1.7751367335029824
Non-Metropolitan,Democrat,5.83443090938986,0.39331972943391275,55.790176563113455,2.1428865575030196,87.12136189217388,4.459397129263723
Non-Metropolitan,Independent,6.914838578633701,0.32176053795195675,44.100554182187146,1.8055030152972762,59.92422791666306,4.019150901985892
Non-Metropolitan,Republican,6.084485842545153,0.340820649952654,49.04320743583735,1.8412855409706057,63.107223599218166,3.66497910381589
