census_region,contacts_adj_mean_Democrat,contacts_adj_mean_Independent,contacts_adj_mean_Republican,mask_adj_mean_Democrat,mask_adj_mean_Independent,mask_adj_mean_Republican,contacts_gap_rd,contacts_gap_id,mask_gap_dr,mask_gap_di
Northeast,5.0694712235797805,5.477327563784472,6.201006651692961,69.2847297397156,62.37007208028429,60.932689591508215,1.1315354281131809,0.40785634020469175,8.352040148207386,6.914657659431313
Midwest,4.995220481031407,5.876980332423603,6.643106331869974,61.52570545776404,43.496731663774696,50.097876076058924,1.6478858508385663,0.8817598513921956,11.427829381705116,18.028973793989344
South,5.5248637325098775,5.7669656780832135,6.413684281656679,61.97010559010149,46.81585618455091,53.67625798969478,0.8888205491468018,0.24210194557333597,8.293847600406707,15.15424940555058
West,4.6679965467794435,5.063231952967995,6.326580310296077,67.86507241593529,58.16668569551921,53.2304339168018,1.6585837635166332,0.3952354061885517,14.634638499133487,9.698386720416075
