outcome,estimate,std_error,p_value,n
contacts_total,1.1656532202830752,0.2611539133720537,8.133506816711218e-6,12750
mask_usage,-8.183188693953909,1.038205413831663,3.4817059698831384e-15,12750
