metro_status,political_party,n,contacts_mean,contacts_se,mask_mean,mask_se,vax_mean,vax_se
Metropolitan,Democrat,7313,5.2444856122806325,0.115214597621296,66.9205497797026,0.5837910276387382,41.27952037982484,1.4872353871796928
Metropolitan,Independent,3882,5.455717250045146,0.1703709646261449,56.296660451779275,0.7885613962803939,36.97032472145314,1.9366404742775223
Metropolitan,Republican,4601,6.489213881348575,0.21266833421541745,57.381520555178845,0.7948088839059466,35.36409012453757,1.9244596112001633
Non-Metropolitan,Democrat,523,6.240129225802219,0.613766093999239,54.65031820155585,2.0325832843094584,44.56883962476239,4.669204430812019
Non-Metropolitan,Independent,346,7.364596117159908,1.0121456586735522,42.1388068095543,2.359794038698777,22.654806568969494,4.670460317738234
Non-Metropolitan,Republican,526,6.541277895065756,0.6150217930900704,47.76588242645857,2.140140405306947,36.197964790789236,4.660628187531227
