opposing_cd,political_party,n,contacts_mean,contacts_se,mask_mean,mask_se
Opposing-party CD,Democrat,8133,5.344869874280623,0.1217154873669612,65.46406734635939,0.5609894090546148
Opposing-party CD,Independent,4503,5.740009154186688,0.19893738980801942,53.71765854056895,0.7425704095577624
Opposing-party CD,Republican,3208,6.7352392582985345,0.25518005170068575,60.53580458725507,0.9426330092439116
Same-party CD,Democrat,56,5.28491812514008,0.7370509692217688,82.46641675986258,5.531809669978276
Same-party CD,Independent,24,4.600338912888522,0.5316585669431003,67.4633139799743,9.295250020145707
Same-party CD,Republican,2309,6.438977727331222,0.321247590130488,48.10850536767749,1.1079893986831706
