term,Estimate,Std. Error,t value,Pr(>|t|),model,ci_lower,ci_upper
political_partyIndependent,-0.28483895253386626,0.31694672512421096,-0.8986966261356331,0.3688374342250148,OLS 2+ non-HH contacts (weighted),-0.9060545337773197,0.3363766287095872
political_partyDemocrat,-1.239990982361768,0.34287246266111054,-3.6164787709631687,3.0021158703058163e-4,OLS 2+ non-HH contacts (weighted),-1.9120210091775447,-0.5679609555459915
