census_region,contacts_mean_Democrat,contacts_mean_Independent,contacts_mean_Republican,mask_mean_Democrat,mask_mean_Independent,mask_mean_Republican,contacts_gap_rd,contacts_gap_id,mask_gap_dr,mask_gap_di
Northeast,5.321289077393087,5.694865676821393,6.422920084939776,69.31582229635895,61.49539291895122,60.667827601642564,1.1016310075466889,0.373576599428306,8.647994694716381,7.820429377407727
Midwest,5.275045860679696,6.109866060681103,6.982625507675972,59.80169078571256,42.09339641544132,48.06922739005813,1.707579646996276,0.8348202000014071,11.732463395654428,17.70829437027124
South,5.799749198975065,6.027916530644427,6.660308538631104,61.11213986458151,44.91032585922613,52.8479084497997,0.8605593396560387,0.2281673316693622,8.264231414781811,16.20181400535538
West,4.926483557614978,5.32304460103487,6.551783687873398,67.18901790592358,57.11685710905447,52.60842576641767,1.6253001302584194,0.39656104341989185,14.58059213950591,10.072160796869106
