census_division,contacts_mean_Democrat,contacts_mean_Independent,contacts_mean_Republican,mask_mean_Democrat,mask_mean_Independent,mask_mean_Republican,contacts_gap_rd,mask_gap_dr
New England,5.106673074037907,6.2004250245137,6.144809828212516,67.79386701467756,60.05097207260119,58.4833482244611,1.0381367541746087,9.310518790216456
Middle Atlantic,5.402858034450675,5.188990495597437,6.517326849043927,69.8484338981035,63.12653725309757,61.36896384042031,1.114468814593252,8.479470057683187
East North Central,5.030498445843812,4.905346583725724,7.298513937424301,63.35699594552453,42.68059200544817,52.1011722620342,2.2680154915804884,11.255823683490334
West North Central,5.933613105898387,8.575264138686569,6.030114574206756,51.15692338872706,40.93582734608306,35.34281791205965,0.09650146830836892,15.814105476667407
South Atlantic,5.385654699373294,5.890161062527601,6.6583627784707415,61.70442479655475,46.79534953731482,53.895781576459385,1.2727080790974474,7.808643220095362
East South Central,9.568847733223363,6.911175710324291,6.267157239120382,48.40663680948391,37.659246554185266,52.96582483878864,-3.3016904941029805,-4.559188029304728
West South Central,5.403533910660521,5.966430579572202,7.0676340377023585,65.82100120004871,42.12724929054979,47.12788165543755,1.6641001270418379,18.693119544611164
Mountain,4.992170045957476,5.192604218377358,6.417824484833894,60.48092548320358,54.473198206338125,46.6146907907522,1.4256544388764185,13.866234692451378
Pacific,4.889339172998063,5.453849567744964,6.685157396688517,71.12708457765359,59.86697031982283,58.22125581326856,1.7958182236904543,12.905828764385028
