term,Estimate,Std. Error,t value,Pr(>|t|),model,ci_lower,ci_upper
political_partyIndependent,-1.4321503572019598,1.0676162095388244,-1.3414468086997315,0.17980803334998358,OLS mask usage 2+ non-HH (weighted),-3.5246781278980555,0.660377413494136
political_partyDemocrat,8.850992970521434,1.1549455158372124,7.66355888581065,1.9887742863344856e-14,OLS mask usage 2+ non-HH (weighted),6.587299759480498,11.11468618156237
