wave,Democrat,Independent,Republican,concern_gap,concern_gap_ind
1,66.3493369937607,49.16596532236166,55.0115788256907,11.337758168070003,17.183371671399044
2,64.46346324090932,44.95424080785554,38.25779331669247,26.20566992421685,19.50922243305378
3,66.69641650797435,44.81057720393334,44.91650649756367,21.77991001041068,21.885839304041006
4,73.13584627363771,46.68146516356422,44.309882496921546,28.825963776716165,26.45438111007349
5,64.57760232396305,43.17076534723198,36.43878308726907,28.138819236693976,21.40683697673107
6,50.27400503286113,28.54472321076253,26.119856381342192,24.15414865151894,21.729281822098603
